"id";"name";"description";"price";"categoryId";"productId";"typeId";"localDataSheet";"onlineDataSheet";"iconPath";"manufacturerId";"locationId";"amount";"amountType";"orderState";"packageId";"rating";"discourageOrder";"remark";"isSet";"dimensionTypeId"
1;"Unknown";"";0.0;1;1;1;"";"";"";1;1;0;0;0;1;0.0;0;"";0;0
2;"PIC16F684-I/P";"8-bit Microcontrollers - MCU 
3.5KB  128 RAM 12 I/O";1.0;2;2;2;"";"http://www.mouser.com/ds/2/268/41202F-print-49265.pdfhttp://www.mouser.com/ds/2/268/41202F-print-49265.pdf";"PDIP_14_t.jpg";6;286;3;3;0;63;4.0;0;"";0;9
6;"UA741CP";"Op Amps GP Op Amp";0.0;2;3;3;"";"http://www.ti.com/lit/gpn/ua741";"TI_PDIP_8.jpg";7;280;20;0;0;71;0.0;0;"";0;9
7;"INA126PA";"Micropower Single & Dual Versions";2.0;2;3;4;"";"http://www.ti.com/lit/gpn/ina126";"PDIP_8_t.jpg";7;288;5;0;0;83;4.0;0;"";0;9
11;"PIC18F2550-I/P";"8-bit Microcontrollers - MCU 32kBF 2048RM FSUSB2";4.0;2;2;2;"";"http://www.mouser.com/ds/2/268/39632e-48732.pdfhttp://www.mouser.com/ds/2/268/39632e-48732.pdf";"DIP_28_t.jpg";6;294;4;3;0;63;0.0;0;"";0;9
12;"PIC16F873A-I/SO";"8-bit Microcontrollers - MCU 7KB 192 RAM 22 I/O";4.0;2;2;2;"";"http://www.mouser.com/ds/2/268/39582C-278080.pdf";"PDIP_16_t.jpg";6;286;1;3;0;63;4.0;0;"";0;9
13;"PIC16F870-I/SP";"8-bit Microcontrollers - MCU 3.5KB 128 RAM 22 I/O";3.0;2;2;2;"";"http://www.mouser.com/ds/2/268/30569C-277894.pdf";"DIP_28_t.jpg";6;286;1;3;0;63;4.0;0;"";0;9
14;"PIC16F877A-I/P";"8-bit Microcontrollers -  MCU 14KB  368 RAM 33 I/O";5.0;2;2;2;"";"http://www.mouser.com/ds/2/268/39582C-278080.pdf";"PDIP_16_t.jpg";6;286;1;3;0;63;3.0;0;"";0;9
15;"PIC18F4550-I/P";"8-bit Microcontrollers - MCU 32kBF 2048RM FSUSB2";5.0;2;2;2;"";"http://www.mouser.com/ds/2/268/39632e-48732.pdf";"PDIP_40_t.jpg";6;294;1;0;0;63;3.0;0;"";0;9
16;"DSPIC33EP32GP502-I/SP";"Digital Signal Processors & Controllers - DSP, DSC 32KB FL 4KB RAM 60MHz 28Pin";2.0;2;2;6;"";"http://www.mouser.com/ds/2/268/70657C-36258.pdf";"inhouse_dspic33fj128gp802isp_t.jpg";6;302;1;0;0;63;0.0;0;"";0;9
17;"DSPIC33FJ128GP802-I/SP";"Digital Signal Processors & Controllers - DSP, DSC 16B DSC 28LD128KB DMA 40MIPS";6.0;2;2;6;"";"http://www.mouser.com/ds/2/268/70292D-18478.pdf";"inhouse_dspic33fj128gp802isp_t.jpg";6;302;2;0;0;63;0.0;0;"";0;9
18;"DSPIC33EP32MC202-I/SP";"Digital Signal Processors & Controllers - DSP, DSC 32KB FL 4KB RAM 60MHz 28Pin";2.0;2;2;6;"";"http://www.mouser.com/ds/2/268/70657C-36258.pdf";"inhouse_dspic33fj128gp802isp_t.jpg";6;302;6;3;0;25;0.0;0;"";0;1
19;"TL071CP";"JFET Input Low Noise";0.0;2;3;3;"";"http://www.ti.com/lit/gpn/tl071";"TI_PDIP_8.jpg";7;280;11;0;0;71;0.0;0;"";0;9
20;"LM386N-4/NOPB";"LOW VLTG AUDIO PWR AMP";0.0;2;4;5;"";"http://www.ti.com/lit/gpn/LM386";"";7;288;2;0;0;83;0.0;0;"";0;9
21;"LM317T";"Linear Voltage Regulators 1.2-37V Adj Positive 1.5 Amp Output";0.0;2;7;9;"";"http://www.mouser.com/ds/2/389/lm217-974117.pdf";"";8;290;2;0;0;101;0.0;0;"";0;13
22;"nRF24L01";"RF Transceiver 1.9-3.6V 2.4GHz XCVR ENHNCD SHCKBRST";3.0;2;5;7;"";"http://www.mouser.com/ds/2/297/nRF24L01_Product_Specification_v2_0-9199.pdf";"2.ghz_chip.jpg";9;279;9;0;0;63;0.0;0;"";0;1
23;"MAX232CPE+";"RS-232 Interface IC 5V MultiCh RS-232 Driver/Receiver";2.0;2;6;8;"";"http://www.mouser.com/ds/2/256/MAX220-MAX249-67423.pdf";"PDIP_16_t.jpg";10;1;0;0;0;68;0.0;0;"";0;1
24;"SC56-11GWA";"LED Displays & Accessories Single Green 568nm Common Cathode";1.0;5;8;10;"";"http://www.mouser.com/ds/2/216/SC56-11GWA-73535.pdf";"sc56-11gwa.jpg";11;285;0;0;0;1;0.0;0;"";0;1
25;"TTL-232R-5V-PCB";"Interface Modules USB Embeded Serial Conv 5V PCB Assy";14.0;6;9;1;"";"http://www.mouser.com/ds/2/163/DS_TTL-232R_PCB-10824.pdf";"ttl-232r-pcb.jpg";12;1;0;0;0;1;0.0;0;"";0;0
26;"TTL-232RG-VSW5V-WE";"USB Cables / IEEE 1394 Cables USB Embedded Serial Wire End 5V 450mA";19.0;7;10;11;"";"http://www.mouser.com/ds/2/163/DS_TTL-232RG_CABLES-6645.pdf";"TTL_232RG.jpg";12;1;0;0;0;1;0.0;0;"";0;0
27;"REA010M2CBK-0511P";"Aluminium Electrolytic Capacitors - Leaded 160V 1.0uF 20% 5x11mm";0.0;3;11;12;"";"http://www.mouser.com/ds/2/231/lelon_REA[1]-341020.pdf";"rea.jpg";13;6;20;4;0;1;0.0;0;"";0;1
28;"REA100M1HBK-0511P";"Aluminium Electrolytic Capacitors - Leaded 50V 10uF 20% 5x11mm";0.0;3;11;12;"";"http://www.mouser.com/ds/2/231/lelon_REA[1]-341020.pdf";"rea.jpg";13;24;20;0;0;53;0.0;0;"";0;10
29;"MAX232IN";"RS-232 Interface IC Dual EIA-232 Driver";1.0;2;6;8;"";"http://www.ti.com/lit/gpn/max232";"TI_PDIP_14.jpg";7;295;1;0;0;68;0.0;0;"";0;10
30;"76650-0007";"Headers & Wire Housings SERVICE KIT 184 Pcs";53.0;4;17;14;"";"http://www.mouser.com/ds/2/276/DataSheet%2076650-0007-202816.pdf";"76650-0007_SPL.jpg";14;1;1;3;0;1;0.0;1;"";0;0
31;"PJ-002A";"DC Power Connectors Power Jacks";0.0;4;18;15;"";"http://www.mouser.com/ds/2/670/pj-002a-515880.pdf";"pj-002a_spl.jpg";15;1;10;0;0;1;0.0;0;"";0;0
32;"836-P";"Soldering Flux Flux Pen No Clean Lead Free Pen";7.0;21;19;16;"";"http://www.mouser.com/ds/2/265/tds-836-p-1018817.pdf";"";16;362;1;3;0;84;0.0;0;"";0;1
33;"CB10LV103K";"Trimmer Resistors - Through Hole 10K 10%";0.0;3;20;17;"";"http://www.mouser.com/ds/2/418/NG_CD_1630480_BA1-657498.pdf";"";17;1;10;0;0;1;0.0;0;"";0;0
34;"36WR10KLF";"Trimmer Resistors - Through Hole 10K 6MM ST SIDE ADJ";0.0;3;20;17;"";"http://www.mouser.com/ds/2/414/36-334615.pdf";"36side.jpg";18;1;10;0;0;1;0.0;0;"";0;0
35;"MCP4131-103E/P";"Digital Potentiometer ICs Digital Pot 128 step SPI Sngl Ch";0.0;2;21;1;"";"http://www.mouser.com/ds/2/268/22060a-53835.pdf";"PDIP_8_t.jpg";6;297;2;0;0;101;0.0;0;"";0;9
36;"MCP4131-104E/P";"Digital Potentiometer ICs Digital Pot 128 step SPI Sngl Ch";0.0;2;21;1;"";"http://www.mouser.com/ds/2/268/22060a-53835.pdf";"PDIP_8_t.jpg";6;297;2;0;0;101;0.0;0;"";0;9
37;"P0130AA 2AL3";"SCRs 0.8 Amp 100 Volt";0.0;2;22;18;"";"http://www.mouser.com/ds/2/389/CD00002968-250287.pdf";"TO_92_3_t.jpg";8;1;10;0;0;1;0.0;0;"";0;0
38;"1N4148-T";"Diodes - General Purpose, Power, Switching 100V If/300mA T/R";0.0;2;22;19;"";"http://www.mouser.com/ds/2/345/1n4148-32420.pdf";"DO-35.JPG";19;363;25;0;0;1;0.0;0;"";0;1
39;"1N4148WX-TP";"Diodes - General Purpose, Power, Switching 150 mA 75V";0.0;2;22;19;"";"http://www.mouser.com/ds/2/258/1N4148WX(SOD323)-349541.pdf";"SOD_323_2_DSL.jpg";20;1;10;0;0;1;0.0;0;"";0;0
40;"61301611121";"Headers & Wire Housings WR-PHD 2.54mm Hdr 16P Single Str Gold";0.0;4;17;1;"";"http://www.mouser.com/ds/2/445/6130xx11121-538006.pdf";"WR-PHD_THT_angled_pin_hdr_SPL.jpg";21;1;2;0;0;1;0.0;0;"";0;0
41;"61300811021";"Headers & Wire Housings WR-PHD 2.54mm Hdr 8P Single RA Gold";0.0;4;17;1;"";"http://www.mouser.com/ds/2/445/6130xx11021-538004.pdf";"WR-PHD_THT_angled_pin_hdr_SPL.jpg";21;1;5;0;0;1;0.0;0;"";0;0
42;"61301221021";"Headers & Wire Housings WR-PHD 2.54mm Hdr 12P Dual RA Gold";0.0;4;17;1;"";"http://www.mouser.com/ds/2/445/6130xx21021-537817.pdf";"WR-PHD_THT_angled_dual_pin_hdr.jpg";21;1;5;0;0;1;0.0;0;"";0;0
43;"SN7447AN";"LED Display Drivers BCD-To-Seven-Segment Decoder/Driver";2.0;2;23;20;"";"http://www.ti.com/lit/gpn/sn7447a";"TI_PDIP_14.jpg";7;305;2;0;0;101;0.0;0;"";0;9
44;"IRFZ44ZPBF";"MOSFET MOSFT 55V 51A 13.9mOhm 29nC Qg";1.0;2;22;21;"";"http://www.mouser.com/ds/2/196/irfz44zpbf-936478.pdf";"TO_220_3_t.jpg";22;1;15;3;0;1;0.0;0;"";0;10
45;"76650-0008";"Headers & Wire Housings SERVICE KIT 200 PCS";33.0;4;17;14;"";"http://www.mouser.com/ds/2/276/DataSheet%2076650-0008-196598.pdf";"76650-0007_SPL.jpg";14;1;1;3;0;1;1.0;1;"";0;0
46;"DC08-11SRWA ";"LED Displays & Accessories Dual Red 640nm Common Cathode";2.0;5;8;10;"";"http://www.mouser.com/ds/2/216/DC08-11SRWA-72885.pdf";"dc08-11srwa.jpg";11;285;0;0;0;1;0.0;0;"";0;1
47;"BD13910S";"Bipolar Transistors - BJT NPN Epitaxial Sil";0.0;2;22;21;"";"http://www.mouser.com/ds/2/149/BD139-888541.pdf";"TO-126-3_DSL.jpg";23;1;20;0;0;1;0.0;0;"";0;0
48;"1-2199298-4 ";"IC & Component Sockets 16P DIP SKT 300 CL LADDER";0.0;4;24;1;"";"http://www.mouser.com/ds/2/418/NG_CD_2199298_A_baseFilename-664569.pdf";"1-2199298-4_SPL.jpg";17;1;10;0;0;1;0.0;0;"";0;0
49;"DILB28P-223TLF";"IC & Component Sockets 28P DIP SOCKET STAMPED AND FORMED";0.0;4;24;1;"";"http://portal.fciconnect.com/Comergent/en/US/adirect/fci?cmd=catProductDetail&showAddButton=true&productID=DILB28P223TLF";"dilb14p-223tlf_spl.jpg";24;1;10;0;0;1;0.0;0;"";0;0
50;"1-2199298-2";"IC & Component Sockets 8P DIP SKT 300 CL LADDER";0.0;4;24;1;"";"http://www.mouser.com/ds/2/418/NG_CD_2199298_A_baseFilename-664542.pdf";"1-2199298-2_SPL.jpg";17;1;20;0;0;1;0.0;0;"";0;0
51;"1-2199298-9";"IC & Component Sockets 28P DIP SKT 300 CL LADDER";0.0;4;24;1;"";"http://www.mouser.com/ds/2/418/NG_CD_2199298_A_baseFilename-664142.pdf";"1-2199298-9_SPL.jpg";17;1;5;0;0;1;0.0;0;"";0;0
52;"USB-RS232-PCBA";"Interface Modules USB to RS232 Embeded Converter PCB Assy";16.0;6;9;1;"";"http://www.mouser.com/ds/2/163/DS_USB_RS232_PCB-13346.pdf";"usb-rs232-pcb.jpg";12;1;2;0;0;1;0.0;0;"";0;0
53;"76650-0125";"Headers & Wire Housings PICOBLADE WTW KIT";28.0;4;17;14;"";"http://www.mouser.com/ds/2/276/DataSheet%2076650-0125-196809.pdf";"76650-0125_SPL.jpg";14;1;1;3;0;1;1.0;1;"";0;0
54;"DRV8840PWPR";"5A Brushed DC Motor Driver";3.0;2;7;22;"";"http://www.ti.com/lit/gpn/drv8840";"TI_SOP_28.jpg";7;1;5;0;0;1;0.0;0;"";0;0
60;"LT3081ET7#PBF";"LDO Voltage Regulator, Adjustable, 1.2V to 36V in, 1.23V drop, 0V to 34.5V/1.5A out, TO-220-7";6.0;2;7;9;"";"http://www.farnell.com/datasheets/1905052.pdf?_ga=1.209361879.415134875.1489079669";"GE7TO220-40.jpg";25;1;4;3;0;105;0.0;0;"";0;13
61;"LT3080ET#PBF";"LDO Voltage Regulator, Adjustable, 1.2V to 36V in, 350mV drop, 0V to 36V/1.1A out, TO-220-5";4.0;2;7;9;"";"http://www.farnell.com/datasheets/1579629.pdf?_ga=1.204600021.415134875.1489079669";"GE7TO220-40.jpg";25;1;3;3;0;1;0.0;0;"";0;1
62;"MAX4080TAUA+";"Current Sense Amplifier, 1 Amplifier, 5 µA, µMAX, 8 Pins, -40 °C, 125 °C";1.0;2;3;23;"";"http://www.farnell.com/datasheets/2000918.pdf?_ga=1.205321941.415134875.1489079669";"GE8UMAX-40.jpg";10;312;3;0;0;83;0.0;0;"";0;2
63;"TLC272CP";"Operational  Amplifier, Dual, 2 Amplifier, 1.3 MHz, 3.6 V/µs, 3V to 16V, DIP, 8 Pins";1.0;2;3;3;"";"http://www.ti.com/general/docs/lit/getliterature.tsp?genericPartNumber=TLC272&&fileType=pdf";"TI_PDIP_8.jpg";7;296;10;0;0;102;0.0;0;"";0;9
64;"MCP1700-3302E/TO";"Fixed LDO Voltage Regulator, 2.3V to 6V, 178mV Dropout, 3.3Vout, 250mAout, TO-92-3";0.0;2;7;9;"";"http://www.farnell.com/datasheets/2211500.pdf?_ga=1.204273621.415134875.1489079669";"GE3TO92-40.jpg";6;290;4;0;0;101;0.0;0;"";0;14
65;"1N5400G";"Standard Recovery Diode, 50 V, 3 A, Single, 1 V, 200 A";0.0;2;22;19;"";"http://www.farnell.com/datasheets/112069.pdf?_ga=1.237632453.415134875.1489079669";"GE2267-0306-40.jpg";26;1;5;0;0;1;0.0;0;"";0;0
66;"LM334Z/NOPB";"CURRENT SOURCE, ADJ, 40V, TO92";0.0;2;7;24;"";"http://www.ti.com/general/docs/lit/getliterature.tsp?genericPartNumber=LM334&&fileType=pdf";"GE3TO92-40.jpg";7;314;2;0;0;17;0.0;0;"";0;14
67;"SA12AG";"TVS Diode, MiniMOSORB SA Series, Unidirectional, 12 V, 19.9 V, Axial Leaded, 2 Pins";0.0;22;25;1;"";"http://www.farnell.com/datasheets/2240173.pdf?_ga=1.136427509.415134875.1489079669";"GE217-0206-40.jpg";27;1;5;0;0;1;0.0;0;"";0;0
68;"2N3904BU";"Bipolar (BJT) Single Transistor, NPN, 40 V, 300 MHz, 625 mW, 200 mA, 100 hFE";0.0;2;22;21;"";"http://www.farnell.com/datasheets/2246395.pdf?_ga=1.238875589.415134875.1489079669";"4243275.jpg";23;1;10;0;0;1;0.0;0;"";0;0
69;"EC11K0920801";"ENCODER, VERTICAL, 11MM, 18DET, 9PPR";0.0;23;26;25;"";"http://www.farnell.com/datasheets/1564007.pdf?_ga=1.214210386.415134875.1489079669";"2064994-40.jpg";28;1;2;0;0;1;2.0;0;"Has no push button!";0;0
70;"150080YS75000";"SMD WL-SMCW SMDMono TpVw Waterclr 0805 Yellow";0.0;5;27;26;"";"http://www.mouser.com/ds/2/445/150080YS75000-368967.pdf";"WL-SMCW.JPG";21;317;10;0;0;1;0.0;0;"";0;1
71;"690-005-299-143";"USB Connectors 5 pin Mini USB-B R/A SMT";0.0;4;28;1;"";"http://www.mouser.com/ds/2/123/690-005-299-143-262410.pdf";"";29;1;4;0;0;1;0.0;0;"";0;0
72;"MAX232DG4";"RS-232 Interface IC Dual EIA-232 Driver/ Receiver";1.0;2;6;8;"";"http://www.ti.com/lit/gpn/max232";"TI_SOIC_16.jpg";7;295;4;0;0;68;0.0;0;"";0;1
73;"MCP2200-I/SO";"USB-to-UART Protocol Converter w/ GPIO";2.0;2;6;27;"";"http://www.mouser.com/ds/2/268/22228A-81933.pdf";"soic-20.jpg";6;295;2;0;0;68;0.0;0;"";0;1
74;"TC1014-3.3VCT713";"LDO Voltage Regulators 50mA LDO";0.0;2;7;9;"";"http://www.mouser.com/ds/2/268/21335b-29125.pdf";"SOT_23_5_t.jpg";6;1;4;0;0;1;0.0;0;"";0;0
75;"MCP16301T-I/CHY";"Switching Controllers 30V Input buck Switching Reg 600 mA";1.0;2;7;9;"";"http://www.mouser.com/ds/2/268/25004A-82015.pdf";"mcp16301.jpg";6;298;4;0;0;101;0.0;0;"";0;1
76;"MCP3221A5T-I/OT";"ADC 12-bit I2C Sgl Chl";1.0;2;29;28;"";"http://www.mouser.com/ds/2/268/21732b-73984.pdf";"SOT_23_5_t.jpg";6;289;3;0;0;101;0.0;0;"";0;1
77;"MCP6422-E/SN";"Operational Amplifiers - Op Amps";0.0;2;3;3;"";"http://www.mouser.com/ds/2/268/20005165B-268832.pdf";"SOIC_8_t.jpg";6;288;2;0;0;83;0.0;0;"";0;1
78;"MCP4726A0T-E/CH";"DAC Sngl 12B NV DAC w/Ex Vref & I2C interface";1.0;2;29;29;"";"http://www.mouser.com/ds/2/268/22272A_MCP4706-14915.pdf";"MC_SOT_23_6_SPL.jpg";6;281;3;0;0;83;0.0;0;"";0;1
79;"MCP1541T-I/TT";"Voltage References 4.096V";0.0;2;7;30;"";"http://www.mouser.com/ds/2/268/21653b-74737.pdf";"inhouse_mcp1541titt_t.jpg";6;306;2;0;0;101;0.0;0;"";0;1
80;"DSPIC33EP256GP502-I/SO";"DSP, DSC 16B 256KB FL 32KBR 60MHz 28P OpAmps";3.0;2;2;6;"";"http://www.mouser.com/ds/2/268/70657E-66920.pdf";"SOIC_28_CAT.jpg";6;302;6;0;0;63;5.0;0;"";0;1
81;"08051U1R5CAT2A";"Multilayer Ceramic Capacitors MLCC - SMD/SMT 100V 1.5pF C0G 0805 .25pF Tol";0.0;3;11;31;"";"http://www.mouser.com/ds/2/40/U-Series-894201.pdf";"AVX_0805_2012_t.jpg";30;20;1;0;0;53;0.0;0;"";0;4
82;"600F1R2CT250XT";"Multilayer Ceramic Capacitors MLCC - SMD/SMT 250volts 1.2pF NP0";0.0;3;11;31;"";"http://www.mouser.com/ds/2/586/600f-239528.pdf";"AVX_0805_2012_t.jpg";31;14;1;0;0;53;0.0;0;"";0;3
83;"AIMC-0805-8N2J-T";"Fixed Inductors 8.2nH, 400mA Tol.=+/-5%";0.0;3;30;32;"";"http://www.mouser.com/ds/2/3/AIMC-0805-37622.pdf";"AIMC_series_SPL.jpg";32;63;3;0;0;58;0.0;0;"";0;4
84;"nRF2460-T";"2.4 GHz WIRELES MONO AUDIO STREAMER";4.0;2;4;33;"";"http://www.mouser.com/ds/2/297/nRF2460_Product_Specification_v1.0-11088.pdf";"2.ghz_chip.jpg";9;279;5;0;0;1;0.0;0;"";0;1
85;"251R14S4R7DV4T";"Multilayer Ceramic Capacitors MLCC - SMD/SMT 250volts 4.7pF";0.0;3;11;31;"";"http://www.mouser.com/ds/2/611/JTI-CAT-MLCC-HighQ-1101025.pdf";"Johanson_HighQ_MLCC_DSL.jpg";33;14;10;0;0;53;0.0;0;"";0;3
86;"251R14S1R5CV4T";"Multilayer Ceramic Capacitors MLCC - SMD/SMT 250volts 1.5pF";0.0;3;11;31;"";"http://www.mouser.com/ds/2/611/JTI-CAT-MLCC-HighQ-1101025.pdf";"Johanson_HighQ_MLCC_DSL.jpg";33;14;10;0;0;53;0.0;0;"";0;3
87;"251R14S1R0CV4T";"Multilayer Ceramic Capacitors MLCC - SMD/SMT 250volts 1pF";0.0;3;11;31;"";"http://www.mouser.com/ds/2/611/JTI-CAT-MLCC-HighQ-1101025.pdf";"Johanson_HighQ_MLCC_DSL.jpg";33;14;10;0;0;53;0.0;0;"";0;3
88;"150060GS75000";"SMD WL-SMCW SMDMono TpVw Waterclr 0603 Green";0.0;5;27;26;"";"http://www.mouser.com/ds/2/445/150060GS75000-368921.pdf";"WL-SMCW.JPG";21;317;15;0;0;1;0.0;0;"";0;1
89;"LQW18AN10NJ00D";"0603 10nH";0.0;3;30;32;"";"http://www.mouser.com/ds/2/281/o05e-522697.pdf";"LQW_15_18_series_DSL.jpg";34;64;10;0;0;58;0.0;0;"";0;3
90;"LQG18HN3N3S00D";"0603 3.3nH .03nH";0.0;3;30;32;"";"http://www.mouser.com/ds/2/281/o05e-522697.pdf";"LQG_series_SPL.jpg";34;64;10;0;0;58;0.0;0;"";0;3
91;"TNPW0603 - R kit";"Resistor Kits High Stability 0603 Chip Resistors Kit";95.0;3;31;34;"";"http://www.vishay.com/docs/28860/labkitmct0603.pdf";"LTW964_series.jpg";35;362;1;0;0;36;0.0;0;"";1;2
92;"S-0603";"Capacitor Kits 0603  CER CAP KIT 50-16V 10pF-0.22uF";45.0;3;11;35;"/home/waldo/Desktop/s-0603.png";"http://www.mouser.com/ds/2/611/JDI_KITS_2012-01-242314.pdf";"JD_kits.jpg";33;362;1;0;0;15;4.0;0;"";1;3
93;"A24-HASM-450";"Antennas 2.4Ghz antennas RPSMA male";4.0;3;32;1;"";"http://www.mouser.com/ds/2/111/90000982_S-535282.pdf";"inhouse_a24hasm450_2.jpg";36;279;3;0;0;63;0.0;0;"";0;1
94;"CONREVSMA001";"RF Connectors / Coaxial Connectors RP-SMA Female PCB Mount";2.0;4;33;36;"";"http://www.mouser.com/ds/2/238/conrevsma001-707157.pdf";"CONREVSMA001.jpg";37;1;4;0;0;1;0.0;0;"";0;0
95;"nRF24Z1";"Audio Transmitters, Receivers, Transceivers 2.4GHz WIRELS AUD STREAMER";5.0;2;4;33;"";"http://www.mouser.com/ds/2/297/nRF24Z1_Product_Specification_v1.0-311.pdf";"2.ghz_chip.jpg";9;279;4;0;0;1;0.0;0;"";0;1
96;"F930G107MAA";"Solid SMD 4volts 100uF 3.2x1.6";0.0;3;11;37;"";"http://www.mouser.com/ds/2/40/f93-776559.pdf";"e-f93.jpg";30;8;70;3;0;53;0.0;1;"Max 4V is to low for tolerance..";0;5
97;"F930J476MAA";"Solid SMD 6.3volts 47uF 3.2x1.6 1206";0.0;3;11;37;"";"http://www.mouser.com/ds/2/40/f93-776559.pdf";"e-f93.jpg";30;8;40;3;0;53;0.0;0;"";0;5
98;"PCM1754DBQR";"Audio D/A Converter ICs 24-Bit 192kHz Stereo Audio DAC";2.0;2;4;38;"";"http://www.ti.com/lit/gpn/pcm1754";"TI_SOIC_16.jpg";7;281;3;0;0;83;0.0;0;"";0;1
99;"UDA1361TS/N1,112";"Audio A/D Converter ICs ADC STEREO 7712 24BIT";1.0;2;4;39;"";"http://www.mouser.com/ds/2/302/UDA1361TS-843206.pdf";"ssop16.jpg";38;289;3;0;0;83;0.0;0;"";0;1
100;"F931E105MAA";"Solid SMD 25volts 1uF 3.2x1.6  1206";0.0;3;11;37;"";"http://www.mouser.com/ds/2/40/f93-776559.pdf";"e-f93.jpg";30;8;60;3;0;53;0.0;0;"";0;5
101;"F931A106MAA";"Solid SMD 10volts 10uF 3.2x1.6 1206";0.0;3;11;37;"";"http://www.mouser.com/ds/2/40/f93-776559.pdf";"e-f93.jpg";30;8;70;3;0;53;0.0;0;"";0;5
102;"PTFM101B1G0";"PTC (Positive Temperature Coefficient) Thermistors PT100,1.2X4.0,B";2.0;22;34;40;"";"http://www.mouser.com/ds/2/418/NG_DS_PTF-FAMILY_A-775357.pdf";"PT_Temp_Sensor_DSL.jpg";17;1;10;0;0;1;0.0;0;"";0;0
103;"103020012";"Other Development Tools Grove - SPDT Relay(30A)";9.0;6;35;41;"";"http://www.seeedstudio.com/wiki/Grove_-_SPDT_Relay(30A)";"103020012_SPL.jpg";39;1;2;0;0;1;0.0;0;"";0;0
104;"3365/09-CUT-LENGTH";"Flat Cables .050 9 COND. 28AWG ROUND 1PC=1FT";0.0;7;36;1;"";"http://www.mouser.com/ds/2/1/ts0080-21443.pdf";"3365_series_cable.jpg";40;1;10;0;0;1;0.0;0;"";0;0
105;"90635-1102";"1.27mm QF50 Rec Vt P rLd Polz .76Au 10Ckt";0.0;4;17;14;"";"http://www.mouser.com/ds/2/276/0906351102_RB_CBL_WR_TRP_CONN-154614.pdf";"90635_SPL.jpg";14;1;10;0;0;1;0.0;0;"";0;0
106;"M20-9990246";"02 SIL VERTICAL PIN HEADER TIN 2.54mm 1 row";0.0;4;17;1;"";"";"m20-977.jpg";41;1;188;0;0;1;0.0;0;"";0;0
107;"M20-7821246";"12 PIN SIL VERTICAL SOCKET TIN  2.54";1.0;4;17;1;"";"http://www.mouser.com/ds/2/181/M20-782-351467.pdf";"m20-782.jpg";41;1;0;0;0;1;0.0;0;"";0;0
108;"LMP90080MHE/NOPB";"Analogue Front End Device, 16 Bit Sigma Delta ADC, 2.85 V to 5.5 V, HTSSOP-28";7.0;2;29;28;"";"http://www.ti.com/lit/gpn/lmp90080";"GE28TSSOP-40.jpg";7;289;4;3;0;101;0.0;0;"";0;1
109;"MCP3201-CI/P";"Analogue to Digital Converter, 12 bit, 100 kSPS, Single, 2.7 V, 5.5 V, DIP";2.0;2;29;28;"";"http://ww1.microchip.com/downloads/en/DeviceDoc/21290D.pdf";"42268235.jpg";6;289;9;4;0;101;0.0;0;"";0;9
110;"TLV5616CP";"2.7V to 5.5V low power 12*bit digital-to-anaglog converters with power down option";7.0;2;29;29;"";"http://www.ti.com/lit/ds/symlink/tlv5616.pdf";"TI_PDIP_8.jpg";7;281;3;4;0;83;0.0;0;"";0;9
111;"NCP1200P100";"Switching Controllers 100KHz Current Mode";0.0;2;7;9;"";"http://www.mouser.com/ds/2/308/ncp1200-d-303465.pdf";"42268235.jpg";26;298;2;4;0;101;0.0;0;"";0;9
112;"TLV5616CDR";"Digital to Analog Converters - DAC 2.7-5.5 V Low Power 12-Bit";6.0;2;29;29;"";"http://www.ti.com/lit/gpn/tlv5616";"TI_SOIC_8.jpg";7;281;4;0;0;83;0.0;0;"";0;1
113;"MCP4131-103E/MS";"Digital Potentiometer ICs Digital Pot 128 step SPI Sngl Ch";0.0;2;21;1;"";"http://www.mouser.com/ds/2/268/22060a-53835.pdf";"MSOP_8_t.jpg";6;297;4;0;0;101;0.0;0;"";0;1
114;"TLC272CPWR";"Precision Amplifiers Dual S-Sply Op Amp";1.0;2;3;3;"";"http://www.ti.com/lit/gpn/tlc272";"TI_TSSOP_8.jpg";7;296;4;0;0;83;0.0;0;"";0;1
115;"ADTSM644RVTR";"Tactile Switches SW TACT SPST 0.05A 12VDC 6MM";0.0;24;37;42;"";"http://www.mouser.com/ds/2/26/ADTS6-ADTSM-KTSC6-263747.pdf";"";42;1;5;0;0;1;2.0;0;"";0;0
116;"MCP1501-20E/SN";"Voltage References High Prec Buffered Voltage Reference";0.0;2;7;30;"";"http://www.mouser.com/ds/2/268/20005474C-961722.pdf";"SOIC_8_t.jpg";6;306;3;0;0;19;0.0;0;"";0;1
117;"TMCMA1A225MTRF";"Tantalum Capacitors -  Solid SMD 2.2uF 10V 20% A case";0.0;3;11;37;"";"http://www.mouser.com/ds/2/427/tmcm-515668.pdf";"TMCM_DSL.jpg";35;8;10;0;0;53;0.0;0;"";0;11
118;"02014D105MAT2A";"Multilayer Ceramic Capacitors MLCC - 1µ SMD/SMT 4V .3pF X5R 0201 20% Tol";0.0;3;11;31;"";"http://www.mouser.com/ds/2/40/cx5r-776519.pdf";"AVX_0201_0603_DSL.jpg";30;1;10;0;0;1;0.0;1;"Very much too small for handsoldering";0;0
120;"CRCW080510R0JNEAHP";"Thick Film Resistors - SMD 1/2watt 10ohms 5% High Power AEC-Q200";0.0;3;31;1;"";"http://www.mouser.com/ds/2/427/crcwhpe3-46056.pdf";"CRCW_SPL.jpg";1;1;0;0;0;1;0.0;0;"";0;0
121;"15134-0401";"DC Power Cords 4  Circuit 100MM Picoblade";2.0;7;10;1;"";"http://www.mouser.com/ds/2/276/0151340401_CABLE_ASSEMBLIES-1013681.pdf";"15134-0400_SPL.jpg";14;1;10;0;0;1;0.0;0;"";0;0
122;"53047-0410";"Headers & Wire Housings VERTICAL HDR 4P";0.0;4;17;14;"";"http://www.mouser.com/ds/2/276/0530470410_PCB_HEADERS-170953.pdf";"53047_SPL.jpg";14;1;10;0;0;104;0.0;0;"";0;1
123;"ESR10EZPF1R00";"Thick Film Resistors - SMD 0805 1ohm 1% Anti Surge AEC-Q200";0.0;3;31;43;"";"http://www.mouser.com/ds/2/348/esr-951861.pdf";"ESR_series_DSL.jpg";43;1;20;3;0;1;0.0;0;"";0;0
124;"150060BS75000";"SMD LED WL-SMCW SMDMono TpVw Waterclr 0603 Blue";0.0;5;27;26;"";"http://www.mouser.com/ds/2/445/150060BS75000-368917.pdf";"WL-SMCW.JPG";21;317;10;3;0;1;0.0;0;"";0;1
125;"150060RS75000";"SMD WL-SMCW SMDMono TpVw Waterclr 0603 Red";0.0;5;27;26;"";"http://www.mouser.com/ds/2/445/150060BS75000-368917.pdf";"WL-SMCW.JPG";21;317;10;3;0;1;0.0;0;"";0;1
126;"Raspberry Pi3";"Development Boards & Kits - ARM Raspberry Pi 3 (RPi3) Board";43.0;6;35;41;"";"http://www.mouser.be/new/raspberry-pi/raspberry-pi-3/";"6010602_SPL.jpg";44;1;1;3;0;64;0.0;0;"";0;1
127;"0603ZD105KAT2A";"Multilayer Ceramic Capacitors MLCC - SMD/SMT 10V 1uF X5R 0603 10%  Tol";0.0;3;11;31;"";"http://www.mouser.com/ds/2/40/cx5r-776519.pdf";"AVX_0805_2012_t.jpg";30;14;10;3;0;58;0.0;0;"";0;3
128;"MCT0603PD1002DP500";"Thin Film Resistors - SMD .250W 10Kohms .5% 0603 25ppm Hi Power ";0.0;3;31;43;"";"http://www.mouser.com/ds/2/427/mcx0x0xpro-223600.pdf";"MCS0402_series_SPL.jpg";35;1;10;3;0;36;0.0;0;"";0;3
129;"MCT0603PD1001DP500";"Thin Film Resistors -  SMD .250W 1Kohms .5% 0603 25ppm Hi Power";0.0;3;31;43;"";"http://www.mouser.com/ds/2/427/mcx0x0xpro-223600.pdf";"MCS0402_series_SPL.jpg";35;1;10;3;0;36;0.0;0;"";0;3
130;"MCT06030Z0000ZP500";"Thin Film Resistors -  SMD Zero ohm Jumper";0.0;3;31;43;"";"http://www.mouser.com/ds/2/427/mcx0x0xpro-223600.pdf";"mcs.JPG";35;1;10;3;0;36;0.0;0;"";0;3
131;"MCT06030C1009FP500";"Thin Film Resistors - SMD .1W  10ohms 1% 0603 50ppm Auto";0.0;3;31;43;"";"http://www.mouser.com/ds/2/427/mcx0x0xpro-223600.pdf";"MCA-MCU.jpg";35;1;20;3;0;36;0.0;0;"";0;3
132;"MCT06030C1000FP500 ";"Thin Film Resistors - SMD .1W 100ohm  1% 0603 50ppm Auto";0.0;3;31;43;"";"http://www.mouser.com/ds/2/427/mcx0x0xpro-223600.pdf";"MCA-MCU.jpg";35;1;50;3;0;36;0.0;0;"";0;3
133;"MCT06030C1001FP500 ";"Thin Film Resistors - SMD .1W  1Kohm 1% 0603 50ppm Auto";0.0;3;31;43;"";"http://www.mouser.com/ds/2/427/mcx0x0xpro-223600.pdf";"MCA-MCU.jpg";35;1;50;3;0;36;0.0;0;"";0;3
134;"MCT06030C1002FP500";"Thin Film Resistors - SMD .1W  10Kohms 1% 0603 50ppm Auto";0.0;3;31;43;"";"http://www.mouser.com/ds/2/427/mcx0x0xpro-223600.pdf";"MCA-MCU.jpg";35;1;50;3;0;1;0.0;0;"";0;3
135;"Through hole R set";"Through hole resistor set 5% 1/4W";0.0;3;31;34;"";"";"";1;73;1;0;0;39;0.0;0;"";1;10
136;"SMD R set 0805";"SMD resistor set 0805 5% 1/4W";0.0;3;31;1;"";"";"";1;273;1;0;0;39;0.0;0;"";1;10
137;"Ceramic capacitor kit ";"Capacitor kit through hole ";0.0;3;11;35;"";"";"";45;3;1;0;0;39;0.0;0;"";1;10
138;"REA022M2CBK-0511P";"Aluminium Electrolytic Capacitors - Leaded 160V 2.2uF 20% 5x11mm";0.0;3;11;12;"";"";"";13;12;5;0;0;53;0.0;0;"";0;10
139;"REA047M2CBK-0511P";"Aluminium Electrolytic Capacitors - Leaded 160V 4.7uF 20% 5x11mm";0.0;3;11;12;"";"";"";13;18;8;0;0;53;0.0;0;"";0;1
141;"REA220M2CBK-0511P";"Aluminium Electrolytic Capacitors - Leaded 160V 22uF 20% 5x11mm";0.0;3;11;12;"";"";"";13;30;9;0;0;53;0.0;0;"";0;10
142;"REA470M2CBK-0511P";"Aluminium Electrolytic Capacitors - Leaded 160V 47uF 20% 5x11mm";0.0;3;11;12;"";"";"";13;7;14;0;0;53;0.0;0;"";0;10
143;"REA101M2CBK-0511P";"Aluminium Electrolytic Capacitors - Leaded 160V 100uF 20% 5x11mm";0.0;3;11;12;"";"";"";13;13;5;0;0;53;0.0;0;"";0;10
144;"REA221M2CBK-0511P";"Aluminium Electrolytic Capacitors - Leaded 160V 220uF 20% 5x11mm";0.0;3;11;12;"";"";"";13;19;2;0;0;53;0.0;0;"";0;10
145;"REA471M2CBK-0511P";"Aluminium Electrolytic Capacitors - Leaded 160V 470uF 20% 5x11mm";0.0;3;11;12;"";"";"";13;25;6;0;0;53;0.0;0;"";0;10
146;"REA102M2CBK-0511P";"Aluminium Electrolytic Capacitors - Leaded 160V 1000uF 20% 5x11mm";0.0;3;11;12;"";"";"";13;31;5;0;0;53;0.0;0;"";0;10
147;"AIAC-0805C-5N6K-T ";"Vaste smoorspoelen 5.6nH, 950mA 2.6Ohm Air Core/Coil +/-10% ";0.0;3;30;32;"";"http://www.mouser.com/ds/2/3/AIAC-0805C-218236.pdf";"";32;63;3;0;0;58;0.0;0;"";0;4
148;"AIMC-0805-4N7S-T ";"Fixed Inductors 4.7nH, 400mA Tol.=+/-.3nH ";0.0;3;30;32;"";"http://www.mouser.com/ds/2/3/AIMC-0805-37622.pdf";"";32;63;3;0;0;58;0.0;0;"";0;4
149;"PIC12F629-I/P ";"8-bit Microcontrollers - MCU 1.75KB 64 RAM 6 I/O Ind Temp PDIP8";0.0;2;2;2;"";"http://www.mouser.com/ds/2/268/41190G-890246.pdf";"42268235.jpg";6;278;1;0;0;63;0.0;0;"";0;9
150;"PIC18F452-I/P ";"8-bit Microcontrollers - MCU 32KB 1536 RAM 34I/O";6.0;2;2;2;"";"http://www.mouser.com/ds/2/268/39564c-79586.pdf";"";6;294;1;0;0;63;0.0;0;"";0;9
151;"DSPIC33EP128GP502-I/SO ";"
Digital Signal Processors & Controllers - DSP, DSC 128KB FL 16KB RAM 60MHz 28Pin
";2.0;2;2;6;"";"http://www.mouser.com/ds/2/268/70657C-36258.pdf";"";6;302;2;0;0;63;0.0;0;"";0;1
152;"NE555P";"
Timers & Support Products Precision
";0.0;2;38;44;"";"";"";7;311;9;0;0;68;0.0;0;"";0;9
153;"CA3140AEZ ";"Operational Amplifiers - Op Amps OPAMP 4.5MHZ LWBIAS 0.04NA ";2.0;2;3;3;"";"http://www.mouser.com/ds/2/465/ca3140-a-522565.pdf";"";46;280;3;0;0;83;0.0;0;"";0;9
154;"TS922IN";"Operational Amplifiers - Op Amps Dual Rail-to-Rail ";0.0;2;3;3;"";"http://www.mouser.com/ds/2/389/ts922-957337.pdf";"";8;288;1;0;0;83;4.0;1;"Replaced with TS922IDT";0;9
155;"OP27GPZ";"Precision Amplifiers LOW-NOISE PREC IC 2.8V/uS ";3.0;2;3;3;"";"http://www.mouser.com/ds/2/609/OP27-879626.pdf";"";47;296;8;0;0;83;0.0;0;"";0;9
156;"TL082CP";"Operational Amplifiers - Dual Op Amps JFET Input Low Noise ";0.0;2;3;3;"";"http://www.ti.com/lit/gpn/tl082";"";7;296;2;0;0;83;0.0;0;"";0;9
157;"TL084ACN";"
Operational Amplifiers - Quad Op Amps JFET Input
";1.0;2;3;3;"";"http://www.ti.com/lit/gpn/tl084a";"";7;304;3;0;0;83;0.0;0;"";0;9
158;"TLC1549CP";"ADC Single In Serial 10 bit SAR, Serial 3-wire";4.0;2;29;28;"";"http://www.ti.com/lit/gpn/tlc1549";"";7;289;1;0;0;101;0.0;0;"";0;9
159;"SN74F04N";"Inverters Hex ";0.0;2;39;45;"";"http://www.ti.com/lit/gpn/sn74f04";"";7;305;2;0;0;101;0.0;0;"";0;9
160;"CD4017BE";"
Counter ICs 10 Decade/Divider
";0.0;2;40;1;"";"http://www.ti.com/lit/gpn/cd4017b";"";7;313;3;0;0;101;0.0;0;"";0;9
161;"L7805CV";"
Linear Voltage Regulators 5.0V 1.0A Positive
";0.0;2;7;9;"";"http://www.mouser.com/ds/2/389/l78-974043.pdf";"";8;282;5;0;0;101;0.0;0;"";0;13
162;"L7812CV";"
Linear Voltage Regulators 12V 1.5A Positive
";0.0;2;7;9;"";"http://www.mouser.com/ds/2/389/l78-974043.pdf";"";8;282;4;0;0;101;0.0;0;"";0;13
163;"L78L05ACZ-AP";"Linear Voltage Regulators 5.0V 0.1A Positive ";0.0;2;7;9;"";"http://www.mouser.com/ds/2/389/l78l-974102.pdf";"";8;282;2;0;0;101;0.0;0;"";0;14
164;"TEN 25-2411";"Isolated DC/DC Converters ";67.0;26;41;46;"";"http://www.mouser.com/ds/2/687/ten25-537647.pdf";"";49;298;1;0;0;101;0.0;0;"";0;1
166;"1985849";"Fixed Terminal Blocks MKDSN 1.5/2 HT
";0.0;4;42;47;"";"http://www.mouser.com/ds/2/324/ItemDetail_1890963-921565.pdf";"21948_1000_int_04.jpg";50;1;0;0;0;104;0.0;0;"";0;1
167;"CRCW0603499KFKEA";"Thin Film Resistors - SMD .1W 499Kohm 1% 0603 50ppm Auto ";0.0;3;31;43;"";"http://www.farnell.com/datasheets/2310790.pdf?_ga=2.23248760.399992394.1503839881-415134875.1489079669";"2116464-40.jpg";35;1;20;3;0;104;0.0;0;"";0;3
168;"KRM 02";"Wire-To-Board Terminal Block, 5 mm, 2 Ways, 2.5 mm², Screw";0.0;4;42;47;"";"http://www.farnell.com/datasheets/2047458.pdf?_ga=2.253997642.399992394.1503839881-415134875.1489079669";"42249390.jpg";51;1;20;3;0;104;0.0;0;"";0;1
